file,bytes,sha256
.github/workflows/fast-daily.yml,1154,409e545f1122b7187f036c650376a4359df3d8562e5458f136903dc48852d78c
README.md,1247,aad2f7cb85e676bcd84bcbf9b67c6c13d82e74422e2c44f98e14fe1e222fdb56
data/IVY11_GRRM_V1-GQ_Live_Action_Anchor.csv,1542104,72aebc10aee433221cb07fdd9a91229aa1d0eb27579c1756dff9c5ef4f1526de
data/IVY11_GRRM_V1-IW_CLEAN3F_State_Seed_2026-10-02.json,14207,559eae946c8ffe4ee64eabcd1bc09bc594efe9dc0d4ec16b12b85aef9fe2bb4c
docs/latest_fast_snapshot.json,573,8ee8248c97575e80e287cbba1d0015cd8a8253f30535dbfa183452875e1c79ba
docs/latest_fast_snapshot.md,98,0f7c3fd01651572eac3c2dd8e14298973e0c70897f478abcfe66adb3b7d45156
requirements.txt,56,53fecccc537a0872ea30e7950727d8adec4086b222391a92bc97d55de374c64a
runtime/IVY11_GRRM_V1-GO_CLEAN3F_Live_Kernel.py,5267,14e98e98f3637b64e1c14dd7c5a3193ac225f6005395fe496c7182a6ed3a7e24
src/IVY11_GRRM_V1_build_fast_snapshot.py,12350,c8646a5140b852b7f74f35c1ad5cdcf3497ca9f86dc447b1612994666f6b2d0a
